iter	Logloss
0	0.6629831535
1	0.6377308832
2	0.6151428367
3	0.5961556514
4	0.5767749755
